{"cameraMode":{"drawMode":0,"name":"Shaded","section":"Shading Mode"},"sceneLighting":true,"audioPlay":false,"sceneViewState":{"m_AlwaysRefresh":false,"showFog":true,"showSkybox":true,"showFlares":true,"showImageEffects":true,"showParticleSystems":true,"showVisualEffectGraphs":true,"m_FxEnabled":true},"in2DMode":false,"pivot":{"x":0.5741482973098755,"y":1.4555271863937379,"z":0.1578250527381897},"rotation":{"x":-0.02130822464823723,"y":-0.00240272656083107,"z":0.00005080890696262941,"w":-0.9997723698616028},"size":5.449467658996582,"orthographic":false}