{"cameraMode":{"drawMode":0,"name":"Shaded","section":"Shading Mode"},"sceneLighting":true,"audioPlay":false,"sceneViewState":{"m_AlwaysRefresh":false,"showFog":true,"showSkybox":true,"showFlares":true,"showImageEffects":true,"showParticleSystems":true,"showVisualEffectGraphs":true,"m_FxEnabled":true},"in2DMode":false,"pivot":{"x":-0.10944880545139313,"y":1.0689588785171509,"z":0.03590261936187744},"rotation":{"x":-0.015308747999370098,"y":-0.008402209728956223,"z":0.00012824105215258896,"w":-0.9998501539230347},"size":8.817906379699707,"orthographic":false}